address,total_contribution,contribution_count,unique_clusters,first_contribution,last_contribution,contribution_percentile,amount,contract_address
0x010bb700d230644a0da1c90e1874d312fbe28612,,,,,,,32354847994274820000,0x5904FB7F1c912f1A2F2C5fbdab03400bAc05ea9E
0x039abddbaf885513e4c034059986e0fe0473e33a,,,,,,,32354847994274820000,0x5904FB7F1c912f1A2F2C5fbdab03400bAc05ea9E
0x03d825a2ad0534e39ec7e72e659ad520e9130d98,,,,,,,64709695997835485000,0x5904FB7F1c912f1A2F2C5fbdab03400bAc05ea9E
0x05ca82f89f662962018130cd0707d12c73ab62d4,,,,,,,32354847994274820000,0x5904FB7F1c912f1A2F2C5fbdab03400bAc05ea9E
0x063882309dff155ad967bcf08db42e0ee799b602,,,,,,,32354847994274820000,0x5904FB7F1c912f1A2F2C5fbdab03400bAc05ea9E
0x067adbab7b27f9a1556436d38de21a3318121049,,,,,,,32354847994274820000,0x5904FB7F1c912f1A2F2C5fbdab03400bAc05ea9E
0x06a2b9f378a0a25b70027d2f730278154406582e,,,,,,,64709695997835485000,0x5904FB7F1c912f1A2F2C5fbdab03400bAc05ea9E
0x078b0b48afca88a54aff387da0b4647f0207f93b,,,,,,,32354847994274820000,0x5904FB7F1c912f1A2F2C5fbdab03400bAc05ea9E
0x082a7114ceaf2f1853a6065efed4599e2ffd448b,,,,,,,32354847994274820000,0x5904FB7F1c912f1A2F2C5fbdab03400bAc05ea9E
0x087c4e8d89c9697bcc8a7b5a2e23f34477b9e7f2,,,,,,,32354847994274820000,0x5904FB7F1c912f1A2F2C5fbdab03400bAc05ea9E
0x0b1f9aaa9cc2c36e9eead3228c3a985748242185,,,,,,,32354847994274820000,0x5904FB7F1c912f1A2F2C5fbdab03400bAc05ea9E
0x0b4d26b31d636b8fd2809e1c0803e0750c83274d,,,,,,,32354847994274820000,0x5904FB7F1c912f1A2F2C5fbdab03400bAc05ea9E
0x0c8f3e3912f35a59ffddc9ff1abb8fafc89b29de,,,,,,,32354847994274820000,0x5904FB7F1c912f1A2F2C5fbdab03400bAc05ea9E
0x0f1c130c52047c30a84d548ddeed9ddb2de983db,,,,,,,64709695997835485000,0x5904FB7F1c912f1A2F2C5fbdab03400bAc05ea9E
0x10ee0af996da1e206d96402b4f16fa00818083e0,,,,,,,97064543992110300000,0x5904FB7F1c912f1A2F2C5fbdab03400bAc05ea9E
0x1115f1d81a4027f5655b0955deb55c8a1c7ba6bf,,,,,,,32354847994274820000,0x5904FB7F1c912f1A2F2C5fbdab03400bAc05ea9E
0x117bbed3a5d3dff1bd8e83693208ceaf70e0bed3,,,,,,,32354847994274820000,0x5904FB7F1c912f1A2F2C5fbdab03400bAc05ea9E
0x12841562c7ec52a0c9d804d2e5107a153ced647f,,,,,,,32354847994274820000,0x5904FB7F1c912f1A2F2C5fbdab03400bAc05ea9E
0x12afc6451f21feddeb1f732d6baa02684c258d9c,,,,,,,32354847994274820000,0x5904FB7F1c912f1A2F2C5fbdab03400bAc05ea9E
0x13270b8f71598a5cb230b011544a97e5923e3972,,,,,,,32354847994274820000,0x5904FB7F1c912f1A2F2C5fbdab03400bAc05ea9E
0x14b322a59ce3c3ad8343b035a3bfae09f73e8f3b,,,,,,,32354847994274820000,0x5904FB7F1c912f1A2F2C5fbdab03400bAc05ea9E
0x14c5d9756a2443aed4c5dbe05ce39e1f1a27818a,,,,,,,32354847994274820000,0x5904FB7F1c912f1A2F2C5fbdab03400bAc05ea9E
0x15663e1b016715cf8e365c47b58183b67ff127ed,1.06138012915,1.0,1.0,2026-08-17 00:00:00,2026-08-17 00:00:00,0.0,274316789003171,0x5904FB7F1c912f1A2F2C5fbdab03400bAc05ea9E
0x16028f81145cd5174e2a4389f203921d9048c6d7,,,,,,,32354847994274820000,0x5904FB7F1c912f1A2F2C5fbdab03400bAc05ea9E
0x1619fea9581f747afa42aaadfab55226482bad7a,,,,,,,32354847994274820000,0x5904FB7F1c912f1A2F2C5fbdab03400bAc05ea9E
0x17ec551be0f5422eb3d63b075f8b8619593b68b5,,,,,,,32354847994274820000,0x5904FB7F1c912f1A2F2C5fbdab03400bAc05ea9E
0x18313412fdde30f42c385133907a9c22fdd7fbf8,,,,,,,32354847994274820000,0x5904FB7F1c912f1A2F2C5fbdab03400bAc05ea9E
0x19460b640ea9d3cc0e545d6a86e3fd9ee08872c3,,,,,,,32354847994274820000,0x5904FB7F1c912f1A2F2C5fbdab03400bAc05ea9E
0x1d2ce05cd6335691597925cf6d1ee1883ba210a2,,,,,,,32354847994274820000,0x5904FB7F1c912f1A2F2C5fbdab03400bAc05ea9E
0x1ec3cbe8fb1d8019092500cca2111c158a35bc82,,,,,,,97064543992110300000,0x5904FB7F1c912f1A2F2C5fbdab03400bAc05ea9E
0x201c0ac3f6899705a9068c3215baf7d294a85de4,,,,,,,32354847994274820000,0x5904FB7F1c912f1A2F2C5fbdab03400bAc05ea9E
0x2182e01627dc99e5acb0ea04206e9990c69cebb8,,,,,,,32354847994274820000,0x5904FB7F1c912f1A2F2C5fbdab03400bAc05ea9E
0x23461e24f1d7601a674ab672adee0b4459302214,,,,,,,32354847994274820000,0x5904FB7F1c912f1A2F2C5fbdab03400bAc05ea9E
0x242c49ed7d519b4cabb734be68cb297cd62af109,,,,,,,32354847994274820000,0x5904FB7F1c912f1A2F2C5fbdab03400bAc05ea9E
0x2462c818b7f8a075babc1d1188cb127c8121b2d3,,,,,,,32354847994274820000,0x5904FB7F1c912f1A2F2C5fbdab03400bAc05ea9E
0x25109b421f7df83dcf025025c56358263189d347,,,,,,,32354847994274820000,0x5904FB7F1c912f1A2F2C5fbdab03400bAc05ea9E
0x258cb32b1875168858e57bb31482054e008d344e,,,,,,,32354847994274820000,0x5904FB7F1c912f1A2F2C5fbdab03400bAc05ea9E
0x26c8f09d794fb1b0333a5ef3123d523957bab6c8,,,,,,,32354847994274820000,0x5904FB7F1c912f1A2F2C5fbdab03400bAc05ea9E
0x29d8049993582a8ef1619b44c3e855f23f1d1ada,,,,,,,32354847994274820000,0x5904FB7F1c912f1A2F2C5fbdab03400bAc05ea9E
0x2b0acf7a618cfa4b6704a4d814c8925690cdc04b,,,,,,,32354847994274820000,0x5904FB7F1c912f1A2F2C5fbdab03400bAc05ea9E
0x2c7c7dc74fb496c8c6881ed146f4a571a783aef4,,,,,,,32354847994274820000,0x5904FB7F1c912f1A2F2C5fbdab03400bAc05ea9E
0x2c88db9e49f43a7525d693df6605b4fe07672f4a,,,,,,,32354847994274820000,0x5904FB7F1c912f1A2F2C5fbdab03400bAc05ea9E
0x2dde4eefe48b040c2db25617f7da204c2fcac1d2,,,,,,,32354847994274820000,0x5904FB7F1c912f1A2F2C5fbdab03400bAc05ea9E
0x3106c024b3e1d77ac8708befd003d230c9a51e31,,,,,,,32354847994274820000,0x5904FB7F1c912f1A2F2C5fbdab03400bAc05ea9E
0x317c422ebf202211ba95e25f8cfeb2e04ebb19ef,,,,,,,64709695997835485000,0x5904FB7F1c912f1A2F2C5fbdab03400bAc05ea9E
0x318d61847439855744987bec073dd98fe425ab91,,,,,,,32354847994274820000,0x5904FB7F1c912f1A2F2C5fbdab03400bAc05ea9E
0x31b33f4aba5db939932e5cfebb71077107d5db57,,,,,,,32354847994274820000,0x5904FB7F1c912f1A2F2C5fbdab03400bAc05ea9E
0x346d827a75f98f0a7a324ff80b7c3f90252e8bac,,,,,,,32354847994274820000,0x5904FB7F1c912f1A2F2C5fbdab03400bAc05ea9E
0x34746d9a2f883bf6f1184d98aea454c06e65e103,,,,,,,32354847994274820000,0x5904FB7F1c912f1A2F2C5fbdab03400bAc05ea9E
0x353ba7829f4002800112ba6214dabcd51e82e078,16540.222074999998,1.0,1.0,2026-08-17 00:00:00,2026-08-17 00:00:00,0.2222222222222222,4274868620959587300,0x5904FB7F1c912f1A2F2C5fbdab03400bAc05ea9E
0x35921fb43cb92f5bfef7cba1e97eb5a21fc2d353,,,,,,,64709695997835485000,0x5904FB7F1c912f1A2F2C5fbdab03400bAc05ea9E
0x37fe376f51585e5074e1373659453ffd56c5b9f7,,,,,,,32354847994274820000,0x5904FB7F1c912f1A2F2C5fbdab03400bAc05ea9E
0x388c818ca8b9251b393131c08a736a67ccb19297,626848556.9764318,11.0,11.0,2026-08-17 00:00:00,2026-08-17 00:00:00,1.0,,
0x3ada85d4f516b241a9e80e50fd3599a08dac54db,16540.222074999998,1.0,1.0,2026-08-17 00:00:00,2026-08-17 00:00:00,0.2222222222222222,4274868620959587300,0x5904FB7F1c912f1A2F2C5fbdab03400bAc05ea9E
0x3b9988e318874e5a2fbf32e3521951756d4f43af,,,,,,,32354847994274820000,0x5904FB7F1c912f1A2F2C5fbdab03400bAc05ea9E
0x3cc04875e98edf01065a4b27e00bcfeddb76cba8,,,,,,,32354847994274820000,0x5904FB7F1c912f1A2F2C5fbdab03400bAc05ea9E
0x3eab5a7648db96a28e9d8ddf5356b1e600fb731d,,,,,,,32354847994274820000,0x5904FB7F1c912f1A2F2C5fbdab03400bAc05ea9E
0x3f007863257846a76071cbc65586e4527051e8c1,,,,,,,32354847994274820000,0x5904FB7F1c912f1A2F2C5fbdab03400bAc05ea9E
0x3fbf669c9a72f06c125032c6dd7aa1d1d51c5eb8,,,,,,,64709695997835485000,0x5904FB7F1c912f1A2F2C5fbdab03400bAc05ea9E
0x4420559d41b04cc68f91ef8b6cc7842a8384c203,,,,,,,32354847994274820000,0x5904FB7F1c912f1A2F2C5fbdab03400bAc05ea9E
0x4491172eecc4bef5659b0ed33459a1a7b848d447,,,,,,,32354847994274820000,0x5904FB7F1c912f1A2F2C5fbdab03400bAc05ea9E
0x45fbfa2c2d78632fcdf6f5edb3c693c7bfb6bcde,,,,,,,32354847994274820000,0x5904FB7F1c912f1A2F2C5fbdab03400bAc05ea9E
0x462f0560e473e1545fd4d0680c02c499aaf01711,,,,,,,32354847994274820000,0x5904FB7F1c912f1A2F2C5fbdab03400bAc05ea9E
0x47ab19ad14faf69e67bca1e79370d808a3b9525f,,,,,,,32354847994274820000,0x5904FB7F1c912f1A2F2C5fbdab03400bAc05ea9E
0x4a7670395b62a78a31935fd6f3925e1aaee1b123,,,,,,,64709695997835485000,0x5904FB7F1c912f1A2F2C5fbdab03400bAc05ea9E
0x4a8d53f9c3dcacc05b5a1923fa2bc41ea7cc64cd,,,,,,,32354847994274820000,0x5904FB7F1c912f1A2F2C5fbdab03400bAc05ea9E
0x4c248c9e22ef8d56bca46a08e62aec654e1dff53,,,,,,,32354847994274820000,0x5904FB7F1c912f1A2F2C5fbdab03400bAc05ea9E
0x4eb9a761885eb383a422067af4f7279dfc204745,,,,,,,32354847994274820000,0x5904FB7F1c912f1A2F2C5fbdab03400bAc05ea9E
0x4eeb252ea907a972688ec0bba7d68327e9869285,,,,,,,32354847994274820000,0x5904FB7F1c912f1A2F2C5fbdab03400bAc05ea9E
0x4f8f32bd0f6773c0ba59c326c88d0412c714dbb5,,,,,,,32354847994274820000,0x5904FB7F1c912f1A2F2C5fbdab03400bAc05ea9E
0x4f9be993e7c24151405cb530426a6bbf26c803a0,,,,,,,32354847994274820000,0x5904FB7F1c912f1A2F2C5fbdab03400bAc05ea9E
0x52372a6dd24699cfd9ef227ad5375fa32133dc4c,44010.887703,1.0,1.0,2026-08-17 00:00:00,2026-08-17 00:00:00,0.3888888888888889,11374742247656968000,0x5904FB7F1c912f1A2F2C5fbdab03400bAc05ea9E
0x52903903d93da6b7b40bceb3fb2a52090dcbebbb,,,,,,,32354847994274820000,0x5904FB7F1c912f1A2F2C5fbdab03400bAc05ea9E
0x53390590476dc98860316e4b46bb9842af55efc4,,,,,,,32354847994274820000,0x5904FB7F1c912f1A2F2C5fbdab03400bAc05ea9E
0x55ad9fb7193b0f23fe32718ce3befe4a90da061c,,,,,,,32354847994274820000,0x5904FB7F1c912f1A2F2C5fbdab03400bAc05ea9E
0x56a64476be449952fb7cd5915c1ae08d188644c4,,,,,,,32354847994274820000,0x5904FB7F1c912f1A2F2C5fbdab03400bAc05ea9E
0x5746b903703c1a589cd318bd987a962c37008f49,,,,,,,32354847994274820000,0x5904FB7F1c912f1A2F2C5fbdab03400bAc05ea9E
0x581e86115c7f0928b893e67d08cba6737b9d8acb,,,,,,,32354847994274820000,0x5904FB7F1c912f1A2F2C5fbdab03400bAc05ea9E
0x5a2a2758ad3d721cdf165917be05f54e587c1b40,,,,,,,32354847994274820000,0x5904FB7F1c912f1A2F2C5fbdab03400bAc05ea9E
0x5bb05323427b6646325b34d7602c1de12f79efb3,,,,,,,32354847994274820000,0x5904FB7F1c912f1A2F2C5fbdab03400bAc05ea9E
0x5c4c4133a2166ee8a43cbd182db4cadca5366eaf,,,,,,,32354847994274820000,0x5904FB7F1c912f1A2F2C5fbdab03400bAc05ea9E
0x5cdf7402cb6a36067f146fc144df95d0aed62e6c,,,,,,,32354847994274820000,0x5904FB7F1c912f1A2F2C5fbdab03400bAc05ea9E
0x5dee3232f7d6ba2845d2e007aca6fad8e390b314,,,,,,,32354847994274820000,0x5904FB7F1c912f1A2F2C5fbdab03400bAc05ea9E
0x5deea49b127ed42dc23dbc968a4cb46ff6e66299,,,,,,,32354847994274820000,0x5904FB7F1c912f1A2F2C5fbdab03400bAc05ea9E
0x5f303640a003d665ccfb76d28176a494469a8ce8,,,,,,,32354847994274820000,0x5904FB7F1c912f1A2F2C5fbdab03400bAc05ea9E
0x5fdcb78ca9a1164c13428e5fc9582c8c48dab69f,79007428.04499981,1.0,1.0,2026-08-17 00:00:00,2026-08-17 00:00:00,0.8888888888888888,20419700137084900000000,0x5904FB7F1c912f1A2F2C5fbdab03400bAc05ea9E
0x60aa666bcef5e9a3393c6b203690abc2ea76f06b,,,,,,,32354847994274820000,0x5904FB7F1c912f1A2F2C5fbdab03400bAc05ea9E
0x6175ced4e67e44cd73d87d2379d428e9468f579b,,,,,,,32354847994274820000,0x5904FB7F1c912f1A2F2C5fbdab03400bAc05ea9E
0x626dd8ceb6be6121982d2eef2f772455d841047c,,,,,,,32354847994274820000,0x5904FB7F1c912f1A2F2C5fbdab03400bAc05ea9E
0x6454ac71ca260f99cca99a3f4241dfda20cfa965,4742438.008770001,1.0,1.0,2026-08-17 00:00:00,2026-08-17 00:00:00,0.6666666666666666,1225696930706835600000,0x5904FB7F1c912f1A2F2C5fbdab03400bAc05ea9E
0x64867f5bb09aea861c6eba9886a45983e76f0e99,,,,,,,32354847994274820000,0x5904FB7F1c912f1A2F2C5fbdab03400bAc05ea9E
0x64a041c3b1f1bda2396add0c75a4d07124161cbb,,,,,,,32354847994274820000,0x5904FB7F1c912f1A2F2C5fbdab03400bAc05ea9E
0x65f17d076b7bacbf59618c60febcb8a7cfc2acc9,,,,,,,32354847994274820000,0x5904FB7F1c912f1A2F2C5fbdab03400bAc05ea9E
0x665157387c1bb1244ac57e02ddf2def48adc219d,,,,,,,32354847994274820000,0x5904FB7F1c912f1A2F2C5fbdab03400bAc05ea9E
0x6897abe0fd62b589260784b21f4ca3f78a0d8017,,,,,,,32354847994274820000,0x5904FB7F1c912f1A2F2C5fbdab03400bAc05ea9E
0x68f06309fab6678389dd9005253e25f6c397bb51,,,,,,,32354847994274820000,0x5904FB7F1c912f1A2F2C5fbdab03400bAc05ea9E
0x698c9f8017d2940370e63539b044305e6e03e013,,,,,,,32354847994274820000,0x5904FB7F1c912f1A2F2C5fbdab03400bAc05ea9E
0x6a6c79d8da4d3b1c8963073529cd026b36817eb6,,,,,,,32354847994274820000,0x5904FB7F1c912f1A2F2C5fbdab03400bAc05ea9E
0x6a7371210086ee6b5ad6a9291aa8655b6d1d1141,,,,,,,32354847994274820000,0x5904FB7F1c912f1A2F2C5fbdab03400bAc05ea9E
0x6aa0757bc4ffdc9f0deb5e9fa08173c07ef2afcc,,,,,,,32354847994274820000,0x5904FB7F1c912f1A2F2C5fbdab03400bAc05ea9E
0x6c7c332a090c8d2085857cf3220ea01c6d45a723,,,,,,,64709695997835485000,0x5904FB7F1c912f1A2F2C5fbdab03400bAc05ea9E
0x6e9a41a43351284a13f8449025e736334ed45b39,,,,,,,32354847994274820000,0x5904FB7F1c912f1A2F2C5fbdab03400bAc05ea9E
0x6ef4397a6552905ee0d5f62d9b48a2a167aa7f43,,,,,,,32354847994274820000,0x5904FB7F1c912f1A2F2C5fbdab03400bAc05ea9E
0x6f1fc2a9b903fc9f0edef09253b24aef5f50dd62,,,,,,,32354847994274820000,0x5904FB7F1c912f1A2F2C5fbdab03400bAc05ea9E
0x6f802a1e8859052eb46ec1d6dee799b303c638e7,,,,,,,32354847994274820000,0x5904FB7F1c912f1A2F2C5fbdab03400bAc05ea9E
0x7251e7549431b78cefef000d584c3356982ab0c9,,,,,,,32354847994274820000,0x5904FB7F1c912f1A2F2C5fbdab03400bAc05ea9E
0x729250be25dc878dd400bf5bef702de77c83493e,,,,,,,32354847994274820000,0x5904FB7F1c912f1A2F2C5fbdab03400bAc05ea9E
0x72936c991cb0a738728e9d2a8d5875fb5096a0c2,,,,,,,32354847994274820000,0x5904FB7F1c912f1A2F2C5fbdab03400bAc05ea9E
0x72ebc90f0e3457a1ff6b000dc9b1aa152ee82974,,,,,,,32354847994274820000,0x5904FB7F1c912f1A2F2C5fbdab03400bAc05ea9E
0x72fa66c195126c3257b287b37dd3bd724baf9e59,,,,,,,32354847994274820000,0x5904FB7F1c912f1A2F2C5fbdab03400bAc05ea9E
0x765c6a8f20c842e8c826b0d9425015784f982afc,75893420.4899999,1.0,1.0,2026-08-17 00:00:00,2026-08-17 00:00:00,0.8333333333333334,19679585501103495000000,0x5904FB7F1c912f1A2F2C5fbdab03400bAc05ea9E
0x772213aad4c6b37d2cc0fa3b74f9ace5a028b8c8,,,,,,,32354847994274820000,0x5904FB7F1c912f1A2F2C5fbdab03400bAc05ea9E
0x7765ffd90db97c2473315063203affce3998d937,,,,,,,32354847994274820000,0x5904FB7F1c912f1A2F2C5fbdab03400bAc05ea9E
0x7787c9dcd9bb2c3894f71b33dc0ebb5ce46b6d59,,,,,,,32354847994274820000,0x5904FB7F1c912f1A2F2C5fbdab03400bAc05ea9E
0x7897a596cb18d366ddc75914191d98a8d5c3c2c9,,,,,,,32354847994274820000,0x5904FB7F1c912f1A2F2C5fbdab03400bAc05ea9E
0x78b9ff33cfbe1b6b6914e38ada0593cc04d0fe39,,,,,,,32354847994274820000,0x5904FB7F1c912f1A2F2C5fbdab03400bAc05ea9E
0x7c0819379c5ff2a0cfae44bcae210934760f9e3f,,,,,,,32354847994274820000,0x5904FB7F1c912f1A2F2C5fbdab03400bAc05ea9E
0x7c75cb0d1136ebe764208f9a807d35510025b12c,,,,,,,64709695997835485000,0x5904FB7F1c912f1A2F2C5fbdab03400bAc05ea9E
0x7cb698e45d970fd01150f89e2f1706d4bf804246,,,,,,,32354847994274820000,0x5904FB7F1c912f1A2F2C5fbdab03400bAc05ea9E
0x7d0f205f4a7f10b7b1c6282193aa202dc16fbbbe,,,,,,,32354847994274820000,0x5904FB7F1c912f1A2F2C5fbdab03400bAc05ea9E
0x7d800a412ca8d1abda9c918accc74ca5ce5b19c8,,,,,,,64709695997835485000,0x5904FB7F1c912f1A2F2C5fbdab03400bAc05ea9E
0x7d992742d02ad7e5f8c030e28791e6035c438d72,,,,,,,32354847994274820000,0x5904FB7F1c912f1A2F2C5fbdab03400bAc05ea9E
0x7e3f02de2f15989ec561beef697d928c2ee9edc3,,,,,,,32354847994274820000,0x5904FB7F1c912f1A2F2C5fbdab03400bAc05ea9E
0x7ebfbccc0d779c5c9628db8268d00d1ecc79ad6d,,,,,,,32354847994274820000,0x5904FB7F1c912f1A2F2C5fbdab03400bAc05ea9E
0x81d38529febf3ef9a88b88e7193eec1f245a7ad5,,,,,,,32354847994274820000,0x5904FB7F1c912f1A2F2C5fbdab03400bAc05ea9E
0x823817c6a6f2e78093341c18231ad28b29ad35e3,,,,,,,32354847994274820000,0x5904FB7F1c912f1A2F2C5fbdab03400bAc05ea9E
0x82907132791365aa7b50d7ba6bdd2d1d931b121f,,,,,,,64709695997835485000,0x5904FB7F1c912f1A2F2C5fbdab03400bAc05ea9E
0x82a6665ec0d31e79fc1ba807cc314c49ad1a9013,,,,,,,32354847994274820000,0x5904FB7F1c912f1A2F2C5fbdab03400bAc05ea9E
0x854711f82e1df2dc0278f623e9c66a2dbef5389a,,,,,,,32354847994274820000,0x5904FB7F1c912f1A2F2C5fbdab03400bAc05ea9E
0x8607d264ea59264985b376e7a3d77de93bda597a,,,,,,,32354847994274820000,0x5904FB7F1c912f1A2F2C5fbdab03400bAc05ea9E
0x87138ead456276321663c8cb0b7a5c4ca1278850,,,,,,,32354847994274820000,0x5904FB7F1c912f1A2F2C5fbdab03400bAc05ea9E
0x875c2aa1b9772fe760e330c2fb18a1853dcce8ec,123681.876636,1.0,1.0,2026-08-17 00:00:00,2026-08-17 00:00:00,0.4444444444444444,31965941630963933000,0x5904FB7F1c912f1A2F2C5fbdab03400bAc05ea9E
0x877a8f5107bac127ca4ac7237591b062c412500b,,,,,,,32354847994274820000,0x5904FB7F1c912f1A2F2C5fbdab03400bAc05ea9E
0x888880f5573159e378fdece526f5d73e6f47f595,,,,,,,32354847994274820000,0x5904FB7F1c912f1A2F2C5fbdab03400bAc05ea9E
0x888a13448567d77ad16d578527a4174cb4be9000,,,,,,,32354847994274820000,0x5904FB7F1c912f1A2F2C5fbdab03400bAc05ea9E
0x8a1b73a88e1854dd3eebee4354bd4dba23861e3a,,,,,,,32354847994274820000,0x5904FB7F1c912f1A2F2C5fbdab03400bAc05ea9E
0x8b5b54634d0f798a9a7f90d57b1e99ac54219149,,,,,,,32354847994274820000,0x5904FB7F1c912f1A2F2C5fbdab03400bAc05ea9E
0x8d0eefa504af1116b29bfb1bf65e76b830ee3982,,,,,,,32354847994274820000,0x5904FB7F1c912f1A2F2C5fbdab03400bAc05ea9E
0x8ef3fa40a403d4174da03769f3b514e729ff0cd5,,,,,,,32354847994274820000,0x5904FB7F1c912f1A2F2C5fbdab03400bAc05ea9E
0x90241786f3ee61a3295400dea582c848c171cafb,,,,,,,32354847994274820000,0x5904FB7F1c912f1A2F2C5fbdab03400bAc05ea9E
0x90f1cfbebaa6e4a52f4e15a026d7f6d9ea2aacc4,,,,,,,32354847994274820000,0x5904FB7F1c912f1A2F2C5fbdab03400bAc05ea9E
0x915b13028f00c6b0bef03a88ddf1bfd5bd601b19,,,,,,,32354847994274820000,0x5904FB7F1c912f1A2F2C5fbdab03400bAc05ea9E
0x916727c5ba43d3f4c96ea7c0b163b3ff59094da2,,,,,,,32354847994274820000,0x5904FB7F1c912f1A2F2C5fbdab03400bAc05ea9E
0x91ec68005d3114771f158f87224825965230a974,,,,,,,32354847994274820000,0x5904FB7F1c912f1A2F2C5fbdab03400bAc05ea9E
0x92c19c1dc5a7d002d0072702d9124dd6aa0a5071,,,,,,,32354847994274820000,0x5904FB7F1c912f1A2F2C5fbdab03400bAc05ea9E
0x94bf125ef30a7a496657d31216b7fd172929e298,,,,,,,32354847994274820000,0x5904FB7F1c912f1A2F2C5fbdab03400bAc05ea9E
0x952283c92c8d44f88411977bffc681b9db98c6c4,,,,,,,32354847994274820000,0x5904FB7F1c912f1A2F2C5fbdab03400bAc05ea9E
0x96e4e2ebbeff1f45bfb678695628fa7a0398de1c,,,,,,,32354847994274820000,0x5904FB7F1c912f1A2F2C5fbdab03400bAc05ea9E
0x973f8bb0b68e6c240aa47f3e634cdd6404d468a6,,,,,,,32354847994274820000,0x5904FB7F1c912f1A2F2C5fbdab03400bAc05ea9E
0x97403a22ec3d9d5ef1939f8316e3b9ced35ddca1,,,,,,,32354847994274820000,0x5904FB7F1c912f1A2F2C5fbdab03400bAc05ea9E
0x97435db5c546c83268cb57f2932e5fa343530e11,,,,,,,32354847994274820000,0x5904FB7F1c912f1A2F2C5fbdab03400bAc05ea9E
0x97a171f653fe35a296820d6ecbda8363efde8b54,,,,,,,32354847994274820000,0x5904FB7F1c912f1A2F2C5fbdab03400bAc05ea9E
0x97de5243906035a503f2f1c52513a3e2d5080da5,,,,,,,32354847994274820000,0x5904FB7F1c912f1A2F2C5fbdab03400bAc05ea9E
0x980370377038b3883d47270f092aea5646354cf1,102937850.8199999,1.0,1.0,2026-08-17 00:00:00,2026-08-17 00:00:00,0.9444444444444444,26604587676277420000000,0x5904FB7F1c912f1A2F2C5fbdab03400bAc05ea9E
0x9a2b02de5bc65ca76ee899b89c400d5d27f50001,,,,,,,32354847994274820000,0x5904FB7F1c912f1A2F2C5fbdab03400bAc05ea9E
0x9a415abd31c606abd8859b90dcda498a6d931cdc,,,,,,,64709695997835485000,0x5904FB7F1c912f1A2F2C5fbdab03400bAc05ea9E
0x9c09926927201527812364cf97aa9bb962a638b5,,,,,,,32354847994274820000,0x5904FB7F1c912f1A2F2C5fbdab03400bAc05ea9E
0x9d412ef6bfc03c816c780bad7ce3654281ede184,,,,,,,32354847994274820000,0x5904FB7F1c912f1A2F2C5fbdab03400bAc05ea9E
0x9dff7476d17c43fc7b33d4ff7637a9b63dc228cb,,,,,,,32354847994274820000,0x5904FB7F1c912f1A2F2C5fbdab03400bAc05ea9E
0x9e263a4434466b21e6a4e90efcc2374a0ce9581f,,,,,,,32354847994274820000,0x5904FB7F1c912f1A2F2C5fbdab03400bAc05ea9E
0x9e418f5a21a7ebefb66190bfcbdd42216ea4a6a7,,,,,,,32354847994274820000,0x5904FB7F1c912f1A2F2C5fbdab03400bAc05ea9E
0x9f2bb4f166d77e4f72ce291a3a2654bc014d2a6c,,,,,,,32354847994274820000,0x5904FB7F1c912f1A2F2C5fbdab03400bAc05ea9E
0x9f6b7f6a018955ae8a98c4f0e6d45f2b3c1d70c4,,,,,,,32354847994274820000,0x5904FB7F1c912f1A2F2C5fbdab03400bAc05ea9E
0xa0181758b14efb2dadfec66d58251ae631e2b942,,,,,,,32354847994274820000,0x5904FB7F1c912f1A2F2C5fbdab03400bAc05ea9E
0xa2cfb4a5e7e501d6bd2d6aa8ecc10893e1dbd624,16540.222074999998,1.0,1.0,2026-08-17 00:00:00,2026-08-17 00:00:00,0.2222222222222222,4274868620959587300,0x5904FB7F1c912f1A2F2C5fbdab03400bAc05ea9E
0xa49224407bfbcfced35d70657f44041b8e162ef9,,,,,,,32354847994274820000,0x5904FB7F1c912f1A2F2C5fbdab03400bAc05ea9E
0xa4cd26a567908aac033b3d8a61e8f0fde844d384,,,,,,,32354847994274820000,0x5904FB7F1c912f1A2F2C5fbdab03400bAc05ea9E
0xa5c6418d1bb26fe336cf5ee32dc203f5c249ce99,,,,,,,32354847994274820000,0x5904FB7F1c912f1A2F2C5fbdab03400bAc05ea9E
0xa5f3e907ca439d7732e7a6b9ba20610990b65e8c,,,,,,,32354847994274820000,0x5904FB7F1c912f1A2F2C5fbdab03400bAc05ea9E
0xa7a23c9d8b3c6f471d554749ec1173839cdde4b6,,,,,,,32354847994274820000,0x5904FB7F1c912f1A2F2C5fbdab03400bAc05ea9E
0xa9a06d77d55a7a72b59454508e7e88a4f0785053,,,,,,,32354847994274820000,0x5904FB7F1c912f1A2F2C5fbdab03400bAc05ea9E
0xaac0f1f7715beb0a2c34eae16afe93fb10c1fb6f,26627737.014539998,1.0,1.0,2026-08-17 00:00:00,2026-08-17 00:00:00,0.7777777777777778,6882016268854792000000,0x5904FB7F1c912f1A2F2C5fbdab03400bAc05ea9E
0xaaf33a7e4756d097b2158551a25374daf600c49d,1168227.53829,1.0,1.0,2026-08-17 00:00:00,2026-08-17 00:00:00,0.5555555555555556,301931813426198300000,0x5904FB7F1c912f1A2F2C5fbdab03400bAc05ea9E
0xab402d5f93fdf5ec1ade26e9c295a04ddc522a06,,,,,,,32354847994274820000,0x5904FB7F1c912f1A2F2C5fbdab03400bAc05ea9E
0xab420847576faca8f228a274d5e1e07d2ae98ac4,,,,,,,32354847994274820000,0x5904FB7F1c912f1A2F2C5fbdab03400bAc05ea9E
0xabff1e9cfa87ee14fee544c64957392852d9113d,,,,,,,32354847994274820000,0x5904FB7F1c912f1A2F2C5fbdab03400bAc05ea9E
0xac162fe3a19fdc96eed6da35d6f7fda3902f4b8c,,,,,,,32354847994274820000,0x5904FB7F1c912f1A2F2C5fbdab03400bAc05ea9E
0xac2bdb872655572f616879eb32e5fb81f336974c,,,,,,,32354847994274820000,0x5904FB7F1c912f1A2F2C5fbdab03400bAc05ea9E
0xad362d21bf2b8b905342e55e1ae7b5251a06a57f,,,,,,,32354847994274820000,0x5904FB7F1c912f1A2F2C5fbdab03400bAc05ea9E
0xafbd66706f90bc56d29c39a260930b34b2757ed8,,,,,,,97064543992110300000,0x5904FB7F1c912f1A2F2C5fbdab03400bAc05ea9E
0xb0528351c49ca7950c2f8ced526202ff4e69bfe3,,,,,,,32354847994274820000,0x5904FB7F1c912f1A2F2C5fbdab03400bAc05ea9E
0xb1902208340e13c716591e8e626e75e3e30ed113,,,,,,,32354847994274820000,0x5904FB7F1c912f1A2F2C5fbdab03400bAc05ea9E
0xb23bbd9aa7f2dc7e8f2bf93cc4e6ac728b1dcf17,,,,,,,32354847994274820000,0x5904FB7F1c912f1A2F2C5fbdab03400bAc05ea9E
0xb2b3d54465a4281e99f76ff354742679c42bad08,,,,,,,32354847994274820000,0x5904FB7F1c912f1A2F2C5fbdab03400bAc05ea9E
0xb2db644bab191cadc7f240e0e38df836bd7f0cd6,,,,,,,32354847994274820000,0x5904FB7F1c912f1A2F2C5fbdab03400bAc05ea9E
0xb2f3aed8ef84ad40484fc71ebb1301b8c8b4785f,,,,,,,32354847994274820000,0x5904FB7F1c912f1A2F2C5fbdab03400bAc05ea9E
0xb3daf38b0e8629744cc25351bd4b6a9423a7cbef,,,,,,,32354847994274820000,0x5904FB7F1c912f1A2F2C5fbdab03400bAc05ea9E
0xb4fe0f67f4ece794adfaa37034032f68fff0b974,,,,,,,64709695997835485000,0x5904FB7F1c912f1A2F2C5fbdab03400bAc05ea9E
0xb7c215473e46a61cf6928e02069d1817db9b1712,,,,,,,32354847994274820000,0x5904FB7F1c912f1A2F2C5fbdab03400bAc05ea9E
0xb8950c47e8b9e539601cb47a167de8bf4cb1289e,,,,,,,32354847994274820000,0x5904FB7F1c912f1A2F2C5fbdab03400bAc05ea9E
0xb91d5a05ec5298d69cde53ab688ffab63bf16a0e,,,,,,,64709695997835485000,0x5904FB7F1c912f1A2F2C5fbdab03400bAc05ea9E
0xb9d1ec7913605b2b3db67546a05efad9960e21b9,,,,,,,32354847994274820000,0x5904FB7F1c912f1A2F2C5fbdab03400bAc05ea9E
0xb9ed56cb5b6c6fe436c77d43b03903f572b052e3,,,,,,,32354847994274820000,0x5904FB7F1c912f1A2F2C5fbdab03400bAc05ea9E
0xba00d14d32a2fec5478162062543e7e84998e0aa,,,,,,,64709695997835485000,0x5904FB7F1c912f1A2F2C5fbdab03400bAc05ea9E
0xba1cf8a6709a907aa8708b4d05701c1991a7f259,,,,,,,32354847994274820000,0x5904FB7F1c912f1A2F2C5fbdab03400bAc05ea9E
0xbb338d474184297b1f38025cab983bfe9cf7fc12,,,,,,,32354847994274820000,0x5904FB7F1c912f1A2F2C5fbdab03400bAc05ea9E
0xbb557a02f52e01a5fa4b57573bbe9631a1906df9,,,,,,,32354847994274820000,0x5904FB7F1c912f1A2F2C5fbdab03400bAc05ea9E
0xbbbf18a1728abec13e413aea053206c37c4bb1dd,,,,,,,32354847994274820000,0x5904FB7F1c912f1A2F2C5fbdab03400bAc05ea9E
0xbbfc128b332418969a3fa37d7cf866055401cfa4,,,,,,,32354847994274820000,0x5904FB7F1c912f1A2F2C5fbdab03400bAc05ea9E
0xbc44ccb8f69032372cb0661480aca53351e468cd,,,,,,,32354847994274820000,0x5904FB7F1c912f1A2F2C5fbdab03400bAc05ea9E
0xbd286ac236fa0752ae4bea89a8b6936ea197fc56,,,,,,,32354847994274820000,0x5904FB7F1c912f1A2F2C5fbdab03400bAc05ea9E
0xbdfe0e381933666ac1417189495be2ac6921ced1,,,,,,,32354847994274820000,0x5904FB7F1c912f1A2F2C5fbdab03400bAc05ea9E
0xbe6d84a503908f7ade8471d4f4b5bed5ecca4643,,,,,,,32354847994274820000,0x5904FB7F1c912f1A2F2C5fbdab03400bAc05ea9E
0xbeb6350757fb9048cf517c540329d665a8960d4d,,,,,,,64709695997835485000,0x5904FB7F1c912f1A2F2C5fbdab03400bAc05ea9E
0xc007e37b4d85a24669f7784f26712739586c5a4c,,,,,,,64709695997835485000,0x5904FB7F1c912f1A2F2C5fbdab03400bAc05ea9E
0xc425de73a1861ce0e65cc18531fbb185aaf24e46,,,,,,,32354847994274820000,0x5904FB7F1c912f1A2F2C5fbdab03400bAc05ea9E
0xc653e9188532238a36dd2c02d63ee1931f3e46f0,,,,,,,32354847994274820000,0x5904FB7F1c912f1A2F2C5fbdab03400bAc05ea9E
0xc73d1f2de4b17be53cb4792ca56e7716cd070495,,,,,,,32354847994274820000,0x5904FB7F1c912f1A2F2C5fbdab03400bAc05ea9E
0xc771a77617fba4403e70e1fe0b1d4131e00ae273,,,,,,,32354847994274820000,0x5904FB7F1c912f1A2F2C5fbdab03400bAc05ea9E
0xca6817dab36850d58375a10c78703ce49d41d25a,,,,,,,64709695997835485000,0x5904FB7F1c912f1A2F2C5fbdab03400bAc05ea9E
0xcadb094f8711df4ce2ae4bdf41e3e19d7a521266,,,,,,,32354847994274820000,0x5904FB7F1c912f1A2F2C5fbdab03400bAc05ea9E
0xcbe4a1d4e98d8c330dfdb461001e7dc2c458f4ff,,,,,,,32354847994274820000,0x5904FB7F1c912f1A2F2C5fbdab03400bAc05ea9E
0xcc165987007ada429807b7c7f29b050683bc8cb7,,,,,,,32354847994274820000,0x5904FB7F1c912f1A2F2C5fbdab03400bAc05ea9E
0xccf2daba8bb04a232a2fda0d01010d4ef6c69b85,,,,,,,152724995852608900000000,0x5904FB7F1c912f1A2F2C5fbdab03400bAc05ea9E
0xceb79934f00bd41a8749965b78824fb157bd2e9f,,,,,,,32354847994274820000,0x5904FB7F1c912f1A2F2C5fbdab03400bAc05ea9E
0xcef78991df18b131eed7bbf91c3c7da2e78338e5,,,,,,,97064543992110300000,0x5904FB7F1c912f1A2F2C5fbdab03400bAc05ea9E
0xcf2e5db58db8d9ece60d1b4e2667c3f84ee21516,,,,,,,32354847994274820000,0x5904FB7F1c912f1A2F2C5fbdab03400bAc05ea9E
0xd0ebcf4b49a1dfebec5e2dd9e84a523e84e7cdb4,,,,,,,32354847994274820000,0x5904FB7F1c912f1A2F2C5fbdab03400bAc05ea9E
0xd114b0fc5bcd540cd8a6627705103fb530a4db16,,,,,,,32354847994274820000,0x5904FB7F1c912f1A2F2C5fbdab03400bAc05ea9E
0xd248e620bf3d9e915e789714ec2bc38461cecfab,,,,,,,32354847994274820000,0x5904FB7F1c912f1A2F2C5fbdab03400bAc05ea9E
0xd2dd2307383b392fe36908fb58bc0258ef560b26,,,,,,,64709695997835485000,0x5904FB7F1c912f1A2F2C5fbdab03400bAc05ea9E
0xd41fb19bafc0949cfdd8c25675ec4098fef41cb0,,,,,,,97064543992110300000,0x5904FB7F1c912f1A2F2C5fbdab03400bAc05ea9E
0xd42f7e082ce42d89797775b5b328c54df7a22726,,,,,,,97064543992110300000,0x5904FB7F1c912f1A2F2C5fbdab03400bAc05ea9E
0xd5281b0011eb37ab391e59add92ccb33a6870816,1060315.5648804626,1.0,1.0,2026-08-17 00:00:00,2026-08-17 00:00:00,0.5,274041649263801040000,0x5904FB7F1c912f1A2F2C5fbdab03400bAc05ea9E
0xd5ee523e537e3e01540e5a330589b007534109e6,,,,,,,64709695997835485000,0x5904FB7F1c912f1A2F2C5fbdab03400bAc05ea9E
0xd629cd5bb273ac1a43ec82b8b4e60aa1e91b954f,,,,,,,32354847994274820000,0x5904FB7F1c912f1A2F2C5fbdab03400bAc05ea9E
0xd7f5b619441fafe525ea3abebcd4a961c1227426,,,,,,,32354847994274820000,0x5904FB7F1c912f1A2F2C5fbdab03400bAc05ea9E
0xd820c5a05e79fc06ef7e54377f902d5d6fa1a0c4,,,,,,,64709695997835485000,0x5904FB7F1c912f1A2F2C5fbdab03400bAc05ea9E
0xd8d93e91ea5f24d0e2a328bc242055d40f00be1a,,,,,,,32354847994274820000,0x5904FB7F1c912f1A2F2C5fbdab03400bAc05ea9E
0xda5bad74ece4cc5a2b3eb1d7fcaee26d35fda890,,,,,,,32354847994274820000,0x5904FB7F1c912f1A2F2C5fbdab03400bAc05ea9E
0xda752a97a4972a0fb6b977d75759343096fabb5d,,,,,,,32354847994274820000,0x5904FB7F1c912f1A2F2C5fbdab03400bAc05ea9E
0xdaaf3c8f3d6accdef64b814e4267d861cf546391,,,,,,,32354847994274820000,0x5904FB7F1c912f1A2F2C5fbdab03400bAc05ea9E
0xdb5dc738a9361ac109e4b9bb8813b35680a2e6b2,,,,,,,32354847994274820000,0x5904FB7F1c912f1A2F2C5fbdab03400bAc05ea9E
0xde621223d04b38179b92e3c98a2f92fdf86efc98,,,,,,,32354847994274820000,0x5904FB7F1c912f1A2F2C5fbdab03400bAc05ea9E
0xde75e318519c38d205041096385ddb041a9123e4,,,,,,,32354847994274820000,0x5904FB7F1c912f1A2F2C5fbdab03400bAc05ea9E
0xe191bb75dcd4c3482124a4eaa945026af4bbe5a2,,,,,,,32354847994274820000,0x5904FB7F1c912f1A2F2C5fbdab03400bAc05ea9E
0xe556da28015c04f35a52b3111b9f4120e908056e,,,,,,,32354847994274820000,0x5904FB7F1c912f1A2F2C5fbdab03400bAc05ea9E
0xe7f373d652bea36dade8a5ba8bd6689e9b9f6673,,,,,,,32354847994274820000,0x5904FB7F1c912f1A2F2C5fbdab03400bAc05ea9E
0xea839fa4c85203d96d989623e335a4d8e86e9f66,,,,,,,32354847994274820000,0x5904FB7F1c912f1A2F2C5fbdab03400bAc05ea9E
0xed2223b55e8085fff9c9b3ac964ae2696cd6618b,8597832.995,1.0,1.0,2026-08-17 00:00:00,2026-08-17 00:00:00,0.7222222222222222,2222135005921707800000,0x5904FB7F1c912f1A2F2C5fbdab03400bAc05ea9E
0xeeda1b827e47ce5994713a305e699e9f812de44a,2972955.3868499994,1.0,1.0,2026-08-17 00:00:00,2026-08-17 00:00:00,0.6111111111111112,768368987860632200000,0x5904FB7F1c912f1A2F2C5fbdab03400bAc05ea9E
0xef6ee1ece8664605493e69de51f490c096beeaa7,,,,,,,32354847994274820000,0x5904FB7F1c912f1A2F2C5fbdab03400bAc05ea9E
0xf08e22139f77506e6aacd84184d92cc1b79a77e4,,,,,,,64709695997835485000,0x5904FB7F1c912f1A2F2C5fbdab03400bAc05ea9E
0xf1855aa2700349958a9cc27bd9262c444d8d4999,,,,,,,32354847994274820000,0x5904FB7F1c912f1A2F2C5fbdab03400bAc05ea9E
0xf235c33f21d52216d5c13090ae6cb894e6c5ed90,1.06138012915,1.0,1.0,2026-08-17 00:00:00,2026-08-17 00:00:00,0.0,274316789003171,0x5904FB7F1c912f1A2F2C5fbdab03400bAc05ea9E
0xf3bf9ddba413825e5ddf92d15b09c2abd8d190dd,,,,,,,32354847994274820000,0x5904FB7F1c912f1A2F2C5fbdab03400bAc05ea9E
0xf4611d1eb66a101edb85c8aaaa8d211f918356be,,,,,,,32354847994274820000,0x5904FB7F1c912f1A2F2C5fbdab03400bAc05ea9E
0xf4a920a1c9764cdd56bae4b40db355f8713617ee,,,,,,,32354847994274820000,0x5904FB7F1c912f1A2F2C5fbdab03400bAc05ea9E
0xf4f07681ae8441d69939e4a9d09056720f6b9ef8,,,,,,,32354847994274820000,0x5904FB7F1c912f1A2F2C5fbdab03400bAc05ea9E
0xf52ec5dfe11d16c13b2c52ae94fd4ec6528996fa,,,,,,,97064543992110300000,0x5904FB7F1c912f1A2F2C5fbdab03400bAc05ea9E
0xf57d4b3c1304ee65e9d51b2eeaebe8cc307b0f22,,,,,,,32354847994274820000,0x5904FB7F1c912f1A2F2C5fbdab03400bAc05ea9E
0xf66c2f02d43010c0ed665dd35fb12f21cf4fadb3,,,,,,,32354847994274820000,0x5904FB7F1c912f1A2F2C5fbdab03400bAc05ea9E
0xf76f2479d4a3d96134c0e64008df612662864520,,,,,,,32354847994274820000,0x5904FB7F1c912f1A2F2C5fbdab03400bAc05ea9E
0xf7e2e135f434dba9faf29e375f54f6f6a2004854,,,,,,,32354847994274820000,0x5904FB7F1c912f1A2F2C5fbdab03400bAc05ea9E
0xf8055141fc5f66a91871bdafa606b419f12f1d1d,,,,,,,32354847994274820000,0x5904FB7F1c912f1A2F2C5fbdab03400bAc05ea9E
0xf8d307bc22158c8b1852881da9a7dbd97dfd7df3,,,,,,,32354847994274820000,0x5904FB7F1c912f1A2F2C5fbdab03400bAc05ea9E
0xf93c8f32eb376ce1fc800e67c8e5c69b4846f535,,,,,,,32354847994274820000,0x5904FB7F1c912f1A2F2C5fbdab03400bAc05ea9E
0xf966614412df64e80fad2c7108c8b657b19c3cba,1.06138012915,1.0,1.0,2026-08-17 00:00:00,2026-08-17 00:00:00,0.0,274316789003171,0x5904FB7F1c912f1A2F2C5fbdab03400bAc05ea9E
0xfb6091bed2d9a7ca758fef33e724726febe58cdf,,,,,,,32354847994274820000,0x5904FB7F1c912f1A2F2C5fbdab03400bAc05ea9E
0xfbc36c37f580dd41e4e0cf5e4381483153d39c4d,,,,,,,32354847994274820000,0x5904FB7F1c912f1A2F2C5fbdab03400bAc05ea9E
0xfc9b404b198c7d35110903a5570299cd642999ff,,,,,,,32354847994274820000,0x5904FB7F1c912f1A2F2C5fbdab03400bAc05ea9E
0xfce8be4cd5093a97649a2c621cdad40dec36297d,,,,,,,32354847994274820000,0x5904FB7F1c912f1A2F2C5fbdab03400bAc05ea9E
0xfd039015e6f6cf6a2805de5564c32f65ea65d8a2,,,,,,,32354847994274820000,0x5904FB7F1c912f1A2F2C5fbdab03400bAc05ea9E
0xfd660518dc1b52d9f67facd42bbba962b06b8e54,,,,,,,32354847994274820000,0x5904FB7F1c912f1A2F2C5fbdab03400bAc05ea9E
0xfe003428a2c67bfd3b51b6c8d9a0b28fdfd3b8bf,,,,,,,64709695997835485000,0x5904FB7F1c912f1A2F2C5fbdab03400bAc05ea9E
0xfe222247735b3c7ef099ba761f9477450f5256fe,16474.0611867,1.0,1.0,2026-08-17 00:00:00,2026-08-17 00:00:00,0.16666666666666666,4257769146475749400,0x5904FB7F1c912f1A2F2C5fbdab03400bAc05ea9E
0xfea66cb7571e251c4fc000beaf0ef771d5c78793,,,,,,,32354847994274820000,0x5904FB7F1c912f1A2F2C5fbdab03400bAc05ea9E
0xfeef177e6168f9b7fd59e6c5b6c2d87ff398c6fd,,,,,,,32354847994274820000,0x5904FB7F1c912f1A2F2C5fbdab03400bAc05ea9E
